<?xml version="1.0" encoding="UTF-8"?>
<feature primary="false"  provider-name="%providerName"    label="%featureName"  image="eclipse_update_120.jpg" id="org.eclipse.jdt.source"  version="3.1.2">
	<description >
		%description
	</description>
	<license url="%licenseURL">
		%license
	</license>
	<url>
		<update label="%updateSiteName" url="http://update.eclipse.org/updates/3.1"/>
		<discovery label="%updateSiteName" url="http://update.eclipse.org/updates/3.1"/>
	</url>
	<plugin    fragment="false"  download-size="0" install-size="0" id="org.eclipse.jdt.doc.isv" version="3.1.2"/>
	<plugin    fragment="false"  download-size="0" install-size="0" id="org.eclipse.jdt.source" version="3.1.2"/>
	<plugin ws="carbon"  os="macosx" fragment="true" arch="ppc" download-size="0" install-size="0" id="org.eclipse.jdt.source.macosx.carbon.ppc" version="3.1.2"/>
</feature>
