<?xml version="1.0" encoding="UTF-8"?>
<feature
      id="org.eclipse.pde"
      label="%featureName"
      version="3.1.2"
      provider-name="%providerName"
      image="eclipse_update_120.jpg">

   <description>
      %description
   </description>

   <license url="%licenseURL">
      %license
   </license>

   <url>
      <update label="%updateSiteName" url="http://update.eclipse.org/updates/3.1"/>
      <discovery label="%updateSiteName" url="http://update.eclipse.org/updates/3.1"/>
   </url>

   <requires>
      <import plugin="org.eclipse.jdt" version="3.1.0" match="compatible"/>
      <import plugin="org.eclipse.platform" version="3.1.0" match="compatible"/>
   </requires>

   <plugin
         id="org.eclipse.pde"
         download-size="0"
         install-size="0"
         version="3.1.0"
         unpack="false"/>

   <plugin
         id="org.eclipse.pde.build"
         download-size="0"
         install-size="0"
         version="3.1.2"/>

   <plugin
         id="org.eclipse.pde.core"
         download-size="0"
         install-size="0"
         version="3.1.1"
         unpack="false"/>

   <plugin
         id="org.eclipse.pde.junit.runtime"
         download-size="0"
         install-size="0"
         version="3.1.0"/>

   <plugin
         id="org.eclipse.pde.runtime"
         download-size="0"
         install-size="0"
         version="3.1.1"
         unpack="false"/>

   <plugin
         id="org.eclipse.pde.ui"
         download-size="0"
         install-size="0"
         version="3.1.2"
         unpack="false"/>

   <plugin
         id="org.eclipse.pde.doc.user"
         download-size="0"
         install-size="0"
         version="3.1.2"/>

</feature>
