<?xml version="1.0" encoding="UTF-8"?>
<feature
      id="org.eclipse.sdk"
      label="%featureName"
      version="3.1.2"
      image= "eclipse_update_120.jpg"
      provider-name="%providerName">

   <description>
      %description
   </description>
   
   <license url="%licenseURL">
     %license
   </license>

   <url>
      <update label="%updateSiteName" url="http://update.eclipse.org/updates/3.1"/>
      <discovery label="%updateSiteName" url="http://update.eclipse.org/updates/3.1"/>
   </url>

  <includes id="org.eclipse.platform" version="3.1.2" /> 
  <includes id="org.eclipse.platform.source" version="3.1.2" /> 
  <includes id="org.eclipse.jdt" version="3.1.2" />
  <includes id="org.eclipse.jdt.source" version="3.1.2" /> 
  <includes id="org.eclipse.pde" version="3.1.2" /> 
  <includes id="org.eclipse.pde.source" version="3.1.2" /> 
  <plugin id="org.eclipse.sdk" version="3.1.2"/>
  
</feature>